{"cameraMode":{"drawMode":0,"name":"Shaded","section":"Shading Mode"},"sceneLighting":true,"audioPlay":false,"sceneViewState":{"m_AlwaysRefresh":false,"showFog":false,"showSkybox":true,"showFlares":false,"showImageEffects":false,"showParticleSystems":false,"showVisualEffectGraphs":true,"m_FxEnabled":true},"in2DMode":false,"pivot":{"x":18.322994232177736,"y":0.2632029056549072,"z":9.454568862915039},"rotation":{"x":-0.1540195792913437,"y":-0.046819258481264117,"z":0.007308763451874256,"w":-0.9869387149810791},"size":7.900997638702393,"orthographic":false}